filename,class
Ubuntu-Regular_300.jpg,Ubuntu
Ubuntu-Italic_150.jpg,Ubuntu
Arial_80.jpg,Arial
Ubuntu-Regular_150.jpg,Ubuntu
Ubuntu-LightItalic_80.jpg,Ubuntu
Times New Roman Italique 400_300.jpg,Times_New_Roman
Times New Roman 400_150.jpg,Times_New_Roman
UbuntuMono-Bold_50.jpg,Ubuntu_Mono
bookman-old-style_[allfont_300.jpg,Bookman_Old_Style
Ubuntu-Medium_80.jpg,Ubuntu
Ubuntu-Medium_150.jpg,Ubuntu
Times New Roman Gras 700_150.jpg,Times_New_Roman
Times New Roman Gras 700_300.jpg,Times_New_Roman
bookman-old-style_[allfont_150.jpg,Bookman_Old_Style
Ubuntu-Light_150.jpg,Ubuntu
Times New Roman Gras 700_80.jpg,Times_New_Roman
Ubuntu-Regular_50.jpg,Ubuntu
Arial_300.jpg,Arial
Verdana_50.jpg,Verdana
Ubuntu-Italic_50.jpg,Ubuntu
Verdana_80.jpg,Verdana
Times New Roman Gras Italique 700_150.jpg,Times_New_Roman
Verdana_300.jpg,Verdana
UbuntuMono-Bold_150.jpg,Ubuntu_Mono
Ubuntu-MediumItalic_80.jpg,Ubuntu
Times New Roman 400_300.jpg,Times_New_Roman
UbuntuMono-BoldItalic_50.jpg,Ubuntu_Mono
Times New Roman Italique 400_80.jpg,Times_New_Roman
UbuntuMono-Regular_80.jpg,Ubuntu_Mono
UbuntuMono-Regular_300.jpg,Ubuntu_Mono
UbuntuMono-Italic_150.jpg,Ubuntu_Mono
UbuntuMono-Bold_80.jpg,Ubuntu_Mono
UbuntuMono-BoldItalic_150.jpg,Ubuntu_Mono
Ubuntu-BoldItalic_300.jpg,Ubuntu
Times New Roman Italique 400_50.jpg,Times_New_Roman
UbuntuMono-BoldItalic_80.jpg,Ubuntu_Mono
Arial_150.jpg,Arial
Ubuntu-LightItalic_50.jpg,Ubuntu
Ubuntu-Italic_80.jpg,Ubuntu
Ubuntu-BoldItalic_150.jpg,Ubuntu
Ubuntu-BoldItalic_50.jpg,Ubuntu
Ubuntu-LightItalic_300.jpg,Ubuntu
Ubuntu-Bold_50.jpg,Ubuntu
UbuntuMono-Regular_50.jpg,Ubuntu_Mono
UbuntuMono-Italic_50.jpg,Ubuntu_Mono
UbuntuMono-BoldItalic_300.jpg,Ubuntu_Mono
Times New Roman Gras Italique 700_50.jpg,Times_New_Roman
Times New Roman Gras 700_50.jpg,Times_New_Roman
Ubuntu-Regular_80.jpg,Ubuntu
Ubuntu-LightItalic_150.jpg,Ubuntu
Ubuntu-Bold_300.jpg,Ubuntu
Ubuntu-Light_300.jpg,Ubuntu
Ubuntu-Medium_50.jpg,Ubuntu
Ubuntu-BoldItalic_80.jpg,Ubuntu
Times New Roman Gras Italique 700_80.jpg,Times_New_Roman
Times New Roman Italique 400_150.jpg,Times_New_Roman
bookman-old-style_[allfont_80.jpg,Bookman_Old_Style
UbuntuMono-Italic_300.jpg,Ubuntu_Mono
Ubuntu-Light_80.jpg,Ubuntu
Ubuntu-Bold_150.jpg,Ubuntu
